{
  "Item": {
    "types": [
      "rencontreCEF",
      "competencearpentage"
    ],
    "templates": {
      "description": {
        "description": "",
        "descriptionmj": ""
      },
      "temporel": {
        "temporel": {
          "debut": {
            "indexDate": -1,
            "indexMinute": 0
          },
          "fin": {
            "indexDate": -1,
            "indexMinute": 0
          }
        }
      },
      "enchantable": {
        "magique": false,
        "pr": 0,
        "purifie": false,
        "prpermanent": false,
        "prdate": 0
      },
      "equipement": {
        "equipe": false
      },
      "inventaire": {
        "encombrement": 0,
        "quantite": 1,
        "qualite": 0,
        "cout": 0.0,
        "milieu": "",
        "environnement": []
      },
      "comestible": {
        "sust": 0,
        "exotisme": 0
      }
    },
   
    "possession": {
      "templates": ["description"],
      "typepossession": "",
      "possede": false,
      "possessionid": "",
      "entite": {
        "actorid": "",
        "diffLibre": 0,
        "finesse": false
      },
      "victime": {
        "actorid": "",
        "diffLibre": 0,
        "finesse": false
      },
      "compteur": 0
    },
   
    "conteneur": {
      "templates": ["description", "inventaire"],
      "contenu": [],
      "capacite": 0
    },
    "objet": {
      "templates": ["description", "equipement", "inventaire"]
    },
    "livre": {
      "templates": ["description", "inventaire"],
      "competence": "",
      "auteur": "",
      "difficulte": 0,
      "points_de_tache": 0,
      "xp": "",
      "niveau_minimum": 0,
      "niveau_maximum": 0
    },
    "sort": {
      "templates": ["description"],
      "draconic": "",
      "duree": "",
      "JR": "",
      "cible": "",
      "difficulte": "",
      "portée": "",
      "caseTMR": "",
      "caseTMRspeciale": "",
      "ptreve": "",
      "xp": 0,
      "bonuscase": "",
      "isrituel": false,
      "coutseuil": 0,
      "lancements": []
    },
    "sortreserve": {
      "sortid": "",
      "draconic": "",
      "coord": "",
      "ptreve": 0,
      "heurecible": "",
      "echectotal": false
    },
    "rencontre": {
      "templates": ["description", "temporel"],
      "genre": "f",
      "formule": "2d4",
      "refoulement": 1,
      "presentCite": false,
      "mauvaiseRencontre": false,
      "ordreTri": 0,
      "force": 0,
      "coord": "",
      "date": "",
      "heure": "",
      "succes": {
        "effets": [],
        "message": "",
        "poesie": "",
        "reference": ""
      }
    },
    "casetmr": {
      "templates": ["description"],
      "coord": "",
      "type": "",
      "label": "",
      "specific": "",
      "sourceid": ""
    }
  }
}
